cat_id,cum_mean,mean,max
2004700003.0,20.9,7.7,17.7
2004700004.0,12.7,5.1,9.2
2004700005.0,24.0,9.1,9.2
2004700006.0,24.3,9.3,17.7
2004700008.0,29.0,14.7,17.7
2004700009.0,24.2,9.2,9.2
2004700010.0,28.7,12.9,23.6
2004700011.0,24.2,9.2,9.2
2004700012.0,37.5,20.2,56.7
2004700014.0,28.9,14.5,17.7
2004700015.0,50.7,32.2,56.7
2004700016.0,31.9,17.7,17.7
2004700018.0,31.9,17.7,17.7
2004700019.0,69.3,46.9,56.7
2004700020.0,60.0,38.6,56.7
2004700021.0,81.9,56.5,56.7
2004700025.0,31.1,17.5,27.6
2004700027.0,27.4,13.6,17.7
2004700028.0,21.5,12.9,13.1
2004700029.0,47.2,27.6,27.6
2004700030.0,11.1,4.7,11.1
2004700031.0,20.9,11.0,13.1
2004700032.0,21.6,13.1,13.1
2004700033.0,21.6,13.1,13.1
2004700034.0,20.5,12.7,13.1
2004700036.0,23.0,13.9,27.6
2004700037.0,46.6,27.2,27.6
2004700038.0,45.7,26.6,27.6
2004700040.0,36.2,22.4,27.6
2004700042.0,34.1,22.1,22.1
2004700043.0,38.3,22.4,27.6
2004700047.0,21.4,13.0,13.1
2004700048.0,19.6,11.6,13.1
2004700051.0,13.2,5.7,11.1
2004700053.0,10.6,3.1,5.1
2004700054.0,13.7,4.5,5.1
2004700055.0,11.4,4.9,4.9
2004700056.0,15.0,4.7,5.1
2004700058.0,15.7,5.1,5.1
2004700062.0,15.8,8.1,8.1
2004700063.0,15.8,8.1,8.1
2004700065.0,23.2,13.9,15.5
2004700066.0,21.3,12.7,12.7
2004700067.0,21.7,12.9,15.5
2004700068.0,21.3,12.7,12.7
2004700069.0,21.3,12.7,12.7
2004700070.0,21.3,12.7,12.7
2004700071.0,18.4,10.3,12.7
2004700073.0,15.7,8.2,12.7
2004700074.0,19.3,11.3,12.7
2004700075.0,13.3,7.4,8.1
2004700076.0,15.5,8.0,8.1
2004700078.0,14.7,7.8,8.1
2004700079.0,15.7,8.1,8.1
2004700080.0,12.6,7.2,8.1
2004700081.0,12.9,7.2,8.1
2004700082.0,12.5,7.1,7.1
2004700083.0,14.5,7.8,13.1
2004700084.0,15.9,8.3,13.1
2004700088.0,15.3,10.0,11.4
2004700090.0,17.2,11.4,11.4
2004700091.0,17.2,11.4,11.4
2004700092.0,17.2,11.4,11.4
2004700093.0,17.9,10.3,11.4
2004700095.0,36.3,9.1,11.4
2004700096.0,41.7,7.9,9.1
2004700097.0,33.0,5.6,9.1
2004700098.0,43.2,8.7,9.1
2004700099.0,34.7,7.7,12.4
2004700100.0,49.7,9.4,9.8
2004700101.0,46.5,9.1,9.2
2004700103.0,50.0,9.2,9.2
2004700105.0,46.7,9.1,9.2
2004700106.0,49.5,9.4,14.7
2004700107.0,50.3,9.2,9.2
2004700109.0,18.8,12.5,22.1
2004700111.0,23.6,15.5,22.1
2004700113.0,32.5,21.1,22.1
2004700114.0,34.1,22.1,22.1
2004700115.0,34.0,22.0,22.1
2004700116.0,34.1,22.1,22.1
2004700117.0,34.1,22.1,22.1
2004700120.0,34.1,22.1,22.1
2004700121.0,33.8,19.3,22.1
2004700123.0,40.6,18.4,22.1
2004700124.0,22.6,14.6,22.1
2004700125.0,45.2,11.4,22.1
2004700126.0,34.1,22.1,22.1
2004700127.0,33.7,17.7,22.1
2004700129.0,35.9,17.6,22.1
2004700130.0,43.2,17.0,22.1
2004700131.0,46.7,15.2,15.2
2004700132.0,42.9,14.0,15.2
2004700133.0,46.7,15.2,15.2
2004700134.0,48.1,12.7,15.2
2004700135.0,50.3,9.2,9.2
2004700136.0,50.5,9.1,15.2
2004700137.0,54.7,10.9,14.7
2004700138.0,61.9,14.7,14.7
2004700139.0,61.0,14.1,14.7
2004700141.0,58.1,11.4,14.7
2004700142.0,61.9,14.7,14.7
2004700143.0,58.2,12.9,15.2
2004700145.0,48.0,14.3,15.2
2004700146.0,46.7,15.2,15.2
2004700147.0,46.7,15.2,15.2
2004700150.0,57.3,13.1,14.7
2004700153.0,54.3,11.1,15.2
2004700154.0,37.4,12.1,15.2
2004700156.0,46.1,12.7,15.2
2004700157.0,47.5,9.9,14.6
2004700158.0,55.9,11.1,14.6
2004700159.0,50.9,14.6,14.6
2004700160.0,50.9,14.6,14.6
2004700161.0,50.9,14.6,14.6
2004700162.0,50.9,14.6,14.6
2004700165.0,57.3,13.1,13.1
2004700166.0,58.4,13.2,14.7
2004700169.0,57.3,13.1,13.1
2004700173.0,17.2,11.4,11.4
2004700176.0,33.8,10.1,11.4
2004700181.0,50.3,9.2,9.2
2004700190.0,12.5,7.1,7.1
2004700192.0,16.3,9.4,12.4
2004700196.0,21.4,12.4,12.7
2004700197.0,22.4,11.4,12.4
2004700199.0,22.1,9.6,12.4
2004700200.0,28.0,6.9,12.4
2004700201.0,28.3,7.7,23.5
2004700204.0,21.4,12.4,12.4
2004700209.0,12.5,7.2,12.4
2004700214.0,31.9,17.7,17.7
2004700215.0,45.8,25.7,27.6
2004700216.0,31.9,17.7,17.7
2004700218.0,30.5,16.6,17.7
2004700219.0,41.4,23.0,56.7
2004700220.0,50.9,27.9,56.7
2004700221.0,38.4,20.3,27.2
2004700222.0,38.7,16.1,16.1
2004700223.0,38.7,16.1,16.1
2004700225.0,38.7,16.1,16.1
2004700226.0,15.3,4.5,5.1
2004700227.0,14.4,4.0,5.1
2004700228.0,12.3,5.0,5.0
2004700231.0,37.3,15.9,16.1
2004700232.0,25.3,15.5,15.5
2004700235.0,33.4,11.0,16.1
2004700237.0,36.5,15.9,16.1
2004700238.0,34.0,15.6,16.1
2004700239.0,34.1,15.6,16.1
2004700244.0,33.7,15.6,15.6
2004700245.0,33.8,12.2,15.6
2004700246.0,33.5,15.0,15.6
2004700247.0,33.9,11.9,15.6
2004700248.0,33.1,10.4,15.6
2004700250.0,29.7,15.1,27.2
2004700251.0,39.2,20.7,27.2
2004700255.0,38.0,20.2,27.2
2004700256.0,47.4,25.8,27.2
2004700257.0,51.2,29.3,40.5
2004700259.0,42.1,22.9,24.1
2004700260.0,44.3,24.6,27.2
2004700261.0,44.3,26.8,40.5
2004700263.0,44.0,24.1,24.1
2004700265.0,43.9,24.1,24.1
2004700266.0,44.0,24.1,24.1
2004700267.0,39.9,23.6,24.8
2004700268.0,40.6,24.6,24.8
2004700269.0,31.3,16.6,24.1
2004700270.0,25.4,15.6,23.5
2004700271.0,24.9,15.2,15.5
2004700272.0,21.4,12.7,23.5
2004700273.0,21.3,12.7,12.7
2004700277.0,21.4,12.4,12.4
2004700279.0,34.5,22.7,23.5
2004700281.0,27.5,17.2,23.5
2004700282.0,35.0,23.0,23.5
2004700284.0,26.9,16.6,23.5
2004700285.0,34.4,13.1,13.2
2004700287.0,26.8,16.6,23.5
2004700288.0,34.5,22.5,24.1
2004700290.0,35.5,23.5,23.5
2004700291.0,38.0,22.5,24.1
2004700293.0,35.5,23.5,23.5
2004700295.0,35.5,23.5,23.5
2004700297.0,35.5,23.5,23.5
2004700299.0,35.8,23.3,23.5
2004700300.0,36.8,22.5,23.5
2004700301.0,36.8,21.7,23.5
2004700303.0,36.3,15.8,21.4
2004700308.0,34.6,18.5,24.1
2004700312.0,33.3,12.7,13.2
2004700313.0,24.7,10.0,13.2
2004700314.0,30.8,11.9,13.2
2004700315.0,24.8,10.0,10.0
2004700319.0,15.0,4.9,5.1
2004700320.0,11.5,4.9,11.1
2004700321.0,17.3,9.9,11.1
2004700322.0,12.6,5.9,11.1
2004700329.0,14.6,7.6,11.1
2004700331.0,20.7,12.0,23.6
2004700333.0,41.5,23.5,23.6
2004700335.0,25.0,9.9,13.2
2004700336.0,24.8,10.0,10.0
2004700340.0,27.0,10.7,13.2
2004700341.0,34.6,13.2,13.2
2004700345.0,24.8,6.4,10.0
2004700346.0,24.8,10.0,10.0
2004700347.0,26.5,5.2,13.2
2004700350.0,28.8,8.8,13.2
2004700351.0,31.8,11.4,15.6
2004700352.0,29.4,10.0,13.2
2004700358.0,25.5,4.6,10.0
2004700359.0,65.4,43.1,56.7
2004700360.0,57.4,36.6,56.7
2004700361.0,73.3,49.7,56.7
2004700368.0,82.1,56.7,56.7
2004700369.0,74.6,50.0,56.7
2004700370.0,80.1,58.8,65.1
2004700371.0,81.4,56.1,56.7
2004700372.0,57.1,39.1,65.1
2004700375.0,14.4,4.1,4.1
2004700376.0,12.3,3.2,4.1
2004700377.0,38.9,25.2,65.1
2004700378.0,51.1,35.9,65.1
2004700379.0,83.4,65.1,65.1
2004700380.0,83.3,64.8,65.1
2004700381.0,83.4,65.1,65.1
2004700382.0,80.8,62.2,65.1
2004700383.0,83.4,65.1,65.1
2004700384.0,76.7,57.8,65.1
2004700385.0,66.9,47.6,65.1
2004700387.0,83.4,65.1,65.1
2004700388.0,73.5,55.5,65.1
2004700389.0,32.6,19.0,65.1
2004700390.0,56.2,37.3,65.1
2004700392.0,57.2,38.0,65.1
2004700393.0,59.0,39.0,40.5
2004700394.0,57.4,37.6,37.9
2004700396.0,54.8,36.0,36.0
2004700397.0,46.8,29.9,36.0
2004700399.0,57.1,37.3,37.9
2004700400.0,48.5,28.8,37.9
2004700401.0,58.0,37.9,37.9
2004700402.0,54.2,32.5,37.9
2004700403.0,44.8,19.8,37.9
2004700404.0,58.4,38.3,40.5
2004700405.0,35.1,11.4,37.9
2004700406.0,33.9,9.0,9.0
2004700407.0,40.0,13.6,14.6
2004700408.0,41.3,14.6,14.6
2004700409.0,34.6,11.8,36.0
2004700410.0,39.8,14.0,14.6
2004700411.0,41.3,14.6,14.6
2004700413.0,37.8,10.7,14.6
2004700414.0,33.9,9.0,9.0
2004700416.0,26.5,8.5,9.0
2004700417.0,49.8,30.2,37.9
2004700418.0,29.1,11.4,37.9
2004700420.0,27.7,8.6,9.0
2004700421.0,25.8,10.5,14.5
2004700423.0,29.0,13.1,40.5
2004700424.0,33.9,9.0,11.2
2004700425.0,39.4,9.9,14.5
2004700426.0,25.3,14.5,14.5
2004700427.0,25.3,14.5,14.5
2004700428.0,29.3,15.9,24.8
2004700429.0,34.9,19.5,24.8
2004700431.0,34.8,19.7,24.8
2004700432.0,38.8,24.6,24.8
2004700433.0,28.8,12.3,24.8
2004700435.0,38.7,24.8,24.8
2004700436.0,38.7,24.8,24.8
2004700437.0,38.7,24.8,24.8
2004700438.0,38.7,24.8,24.8
2004700439.0,39.7,25.5,40.5
2004700440.0,40.9,26.5,40.5
2004700441.0,58.5,38.5,40.5
2004700442.0,38.7,24.8,24.8
2004700444.0,38.7,24.8,24.8
2004700447.0,38.1,21.4,24.8
2004700448.0,38.8,24.3,24.8
2004700450.0,51.9,29.5,40.5
2004700452.0,50.1,27.2,27.2
2004700455.0,59.6,40.1,40.5
2004700456.0,59.3,39.5,40.5
2004700457.0,60.0,40.5,40.5
2004700459.0,60.0,40.5,40.5
2004700460.0,60.0,40.5,40.5
2004700463.0,58.0,37.8,40.5
2004700464.0,56.2,34.3,65.1
2004700466.0,50.1,27.2,27.2
2004700484.0,38.7,24.8,24.8
2004700491.0,25.3,14.5,14.5
2004700492.0,35.2,19.9,21.4
2004700495.0,25.7,8.7,14.5
2004700496.0,30.2,17.2,21.4
2004700497.0,35.8,13.9,21.4
2004700498.0,26.0,6.1,21.4
2004700499.0,31.8,6.9,21.4
2004700500.0,32.6,7.5,7.5
2004700501.0,34.1,8.4,21.4
2004700502.0,35.2,12.9,21.4
2004700505.0,31.6,6.9,7.5
2004700506.0,32.6,7.5,7.5
2004700517.0,27.2,4.5,7.5
2004700519.0,42.8,6.9,9.8
2004700521.0,48.8,9.3,9.8
2004700522.0,25.7,4.8,4.8
2004700523.0,25.7,6.9,14.5
2004700524.0,31.8,13.4,14.5
2004700525.0,25.3,14.5,14.5
2004700527.0,40.5,11.9,14.5
2004700528.0,40.5,10.1,14.5
2004700529.0,25.7,4.8,4.8
2004700531.0,39.7,11.7,12.4
2004700532.0,44.7,10.3,14.5
2004700533.0,37.3,11.6,12.4
2004700534.0,38.9,12.4,12.4
2004700535.0,32.7,9.3,12.4
2004700536.0,38.9,12.4,12.4
2004700539.0,31.4,9.9,12.4
2004700541.0,25.7,4.8,4.8
2004700543.0,26.2,5.0,12.4
2004700544.0,27.9,4.9,9.8
2004700545.0,34.1,9.6,12.4
2004700546.0,25.7,4.8,4.8
2004700548.0,33.0,5.0,9.8
2004700549.0,55.5,9.8,9.8
2004700550.0,37.7,8.1,12.4
2004700551.0,38.2,12.0,12.4
2004700559.0,38.3,12.0,14.5
2004700560.0,47.2,10.8,14.5
2004700563.0,49.1,11.2,11.2
2004700564.0,49.1,11.2,11.2
2004700572.0,38.7,9.5,11.2
2004700573.0,34.5,9.7,12.2
2004700581.0,9.8,2.3,2.3
2004700582.0,11.9,2.8,4.1
2004700583.0,24.9,5.9,5.9
2004700586.0,26.3,4.9,5.9
2004700589.0,21.6,4.4,8.0
2004700590.0,25.0,5.9,5.9
2004700592.0,25.9,5.6,8.0
2004700593.0,25.0,5.5,5.9
2004700594.0,27.2,5.3,8.0
2004700595.0,30.2,7.7,8.0
2004700596.0,30.5,8.0,8.0
2004700597.0,30.5,8.0,8.0
2004700598.0,30.1,7.4,8.0
2004700599.0,25.9,4.6,8.0
2004700601.0,24.8,5.6,8.0
2004700603.0,24.6,6.2,6.6
2004700604.0,26.3,4.9,4.9
2004700606.0,25.3,4.5,6.6
2004700607.0,24.3,6.6,6.6
2004700608.0,25.6,4.3,6.6
2004700609.0,26.3,4.9,4.9
2004700610.0,26.8,5.0,9.4
2004700611.0,28.1,7.9,9.4
2004700612.0,29.3,6.3,9.4
2004700613.0,28.1,9.4,9.4
2004700614.0,28.1,9.4,9.4
2004700615.0,28.1,9.4,9.4
2004700616.0,28.1,9.4,9.4
2004700618.0,28.1,9.4,9.4
2004700619.0,28.1,9.4,10.6
2004700620.0,28.1,9.4,9.4
2004700621.0,28.1,9.4,9.4
2004700626.0,28.9,6.4,9.4
2004700627.0,30.4,8.2,14.6
2004700628.0,36.7,9.4,14.6
2004700629.0,31.8,9.5,10.6
2004700630.0,37.5,10.5,14.6
2004700631.0,33.2,10.6,14.6
2004700632.0,33.0,10.6,10.6
2004700633.0,33.0,10.6,10.6
2004700634.0,33.0,10.6,10.6
2004700635.0,33.0,10.6,10.6
2004700639.0,50.9,14.6,14.6
2004700641.0,33.1,11.9,15.6
2004700644.0,33.6,15.4,15.6
2004700645.0,33.7,15.6,15.6
2004700653.0,40.9,10.5,14.6
2004700660.0,41.6,9.4,14.6
2004700662.0,50.9,14.4,14.6
2004700663.0,29.6,6.5,6.5
2004700664.0,29.6,6.5,6.5
2004700666.0,29.6,6.5,6.5
2004700674.0,27.6,5.0,6.6
2004700675.0,29.6,6.5,6.5
2004700676.0,29.6,6.5,6.5
2004700678.0,31.0,6.5,6.5
2004700679.0,32.7,6.4,6.5
2004700682.0,44.1,9.6,14.6
2004700683.0,50.8,12.4,14.6
2004700684.0,50.6,11.7,14.6
2004700685.0,55.9,9.9,14.6
2004700686.0,54.7,9.9,13.1
2004700689.0,50.7,11.7,11.7
2004700690.0,50.7,11.7,11.7
2004700691.0,50.3,11.6,11.7
2004700694.0,36.7,6.4,11.7
2004700695.0,36.3,6.5,6.5
2004700696.0,36.2,6.0,11.7
2004700700.0,24.0,4.7,6.6
2004700701.0,23.7,6.2,6.6
2004700709.0,24.3,6.6,6.6
2004700711.0,28.8,6.7,8.0
2004700712.0,29.3,7.0,8.0
2004700713.0,27.5,5.7,8.0
2004700714.0,21.5,4.4,8.0
2004700716.0,27.4,6.9,8.0
2004700720.0,26.8,6.4,8.0
2004700724.0,28.4,7.2,7.2
2004700725.0,23.5,4.8,8.0
2004700726.0,20.7,3.6,7.2
2004700727.0,28.4,6.3,8.0
2004700728.0,27.2,5.8,8.0
2004700730.0,26.2,5.7,7.2
2004700731.0,28.4,7.1,7.2
2004700732.0,19.8,3.1,7.2
2004700733.0,25.9,5.6,7.2
2004700735.0,25.6,5.5,5.6
2004700736.0,25.4,5.3,5.6
2004700737.0,20.3,4.3,5.6
2004700738.0,19.9,4.4,5.6
2004700740.0,20.3,4.2,5.6
2004700742.0,21.2,11.0,11.0
2004700743.0,21.2,11.0,11.0
2004700744.0,14.8,5.0,5.0
2004700745.0,14.8,5.0,5.0
2004700746.0,13.8,4.2,5.0
2004700747.0,14.5,4.9,5.0
2004700748.0,10.9,2.0,5.0
2004700750.0,21.2,11.0,11.0
2004700751.0,16.3,5.0,5.6
2004700752.0,14.8,5.0,5.0
2004700753.0,10.4,1.4,1.4
2004700754.0,14.8,5.0,5.0
2004700758.0,10.6,1.4,3.6
2004700759.0,11.2,3.2,3.6
2004700760.0,11.2,2.5,3.6
2004700763.0,52.6,33.5,36.0
2004700764.0,15.2,10.7,12.9
2004700765.0,12.2,5.4,6.5
2004700766.0,11.3,3.6,3.6
2004700767.0,11.3,3.6,3.6
2004700768.0,11.3,3.6,3.6
2004700769.0,11.5,3.7,5.4
2004700770.0,11.8,4.0,6.5
2004700773.0,12.8,6.5,6.5
2004700774.0,12.8,6.5,6.5
2004700775.0,11.3,4.3,6.5
2004700776.0,7.2,3.4,6.5
2004700777.0,10.8,5.3,6.5
2004700778.0,17.4,12.9,12.9
2004700780.0,30.5,10.5,10.5
2004700784.0,30.5,10.5,10.5
2004700787.0,30.5,10.5,10.5
2004700788.0,8.0,2.4,6.5
2004700793.0,43.6,14.3,14.6
2004700797.0,48.5,13.9,14.6
2004700798.0,38.4,11.1,13.9
2004700799.0,44.1,12.1,14.6
2004700801.0,39.8,10.3,13.9
2004700802.0,38.1,10.7,12.2
2004700803.0,38.6,12.0,12.2
2004700804.0,37.2,9.1,9.1
2004700805.0,37.2,9.1,9.1
2004700806.0,35.6,6.3,10.8
2004700807.0,36.3,6.4,7.4
2004700809.0,36.4,10.7,12.2
2004700812.0,48.8,13.9,13.9
2004700813.0,44.4,12.4,13.9
2004700814.0,48.8,13.9,13.9
2004700815.0,30.0,5.7,13.9
2004700817.0,30.5,6.0,9.1
2004700819.0,38.7,7.4,10.1
2004700820.0,39.2,7.1,7.1
2004700821.0,38.1,6.9,7.1
2004700822.0,38.2,7.0,7.1
2004700823.0,19.6,6.1,7.1
2004700824.0,27.9,6.0,7.1
2004700825.0,21.6,6.0,6.8
2004700827.0,34.8,6.3,10.1
2004700830.0,36.1,9.2,10.1
2004700834.0,34.9,9.6,10.1
2004700837.0,7.0,3.2,3.2
2004700838.0,35.1,10.1,10.1
2004700840.0,34.6,10.0,10.1
2004700841.0,17.9,5.1,10.1
2004700842.0,33.3,9.7,10.1
2004700843.0,31.7,10.4,12.2
2004700845.0,22.5,7.9,7.9
2004700846.0,23.2,8.0,11.2
2004700848.0,35.4,11.4,13.9
2004700849.0,27.9,7.3,13.9
2004700853.0,32.9,9.6,10.1
2004700855.0,22.1,7.4,7.4
2004700856.0,22.1,7.4,7.4
2004700859.0,22.1,7.4,7.4
2004700860.0,17.6,5.1,10.1
2004700861.0,21.4,7.0,7.4
2004700862.0,6.6,3.8,5.4
2004700864.0,8.9,4.5,6.5
2004700866.0,7.3,5.4,5.4
2004700874.0,19.4,6.3,6.3
2004700875.0,38.7,12.2,12.2
2004700877.0,34.5,9.3,12.2
2004700878.0,13.4,4.7,5.5
2004700879.0,16.6,5.0,5.5
2004700880.0,16.8,3.9,4.9
2004700881.0,14.7,4.8,4.9
2004700886.0,13.3,5.0,5.4
2004700888.0,13.4,5.0,5.4
2004700889.0,14.6,4.9,4.9
2004700891.0,13.2,5.0,5.4
2004700893.0,14.6,4.9,4.9
2004700895.0,14.4,3.1,4.1
2004700896.0,15.4,3.0,4.9
2004700897.0,16.6,2.9,4.9
2004700898.0,18.8,3.4,4.9
2004700899.0,22.2,4.3,6.5
2004700900.0,13.2,4.1,4.1
2004700901.0,16.3,3.2,4.9
2004700902.0,13.2,4.1,4.1
2004700903.0,13.2,4.1,4.1
2004700904.0,14.2,2.9,4.1
2004700905.0,14.5,3.1,3.1
2004700907.0,21.9,4.9,4.9
2004700908.0,21.9,4.9,4.9
2004700909.0,23.0,4.8,6.5
2004700911.0,31.9,5.1,6.5
2004700915.0,36.3,6.5,6.5
2004700920.0,25.5,4.3,6.5
2004700922.0,23.0,4.2,6.5
2004700924.0,14.5,3.1,3.1
2004700925.0,23.4,5.5,8.0
2004700926.0,14.5,3.1,3.1
2004700930.0,14.5,3.1,3.1
2004700931.0,13.2,4.1,4.1
2004700932.0,14.2,2.8,4.1
2004700934.0,14.2,2.8,4.1
2004700938.0,16.3,3.1,3.5
2004700941.0,13.6,4.2,5.9
2004700942.0,15.4,3.1,3.5
2004700943.0,14.6,3.1,3.5
2004700945.0,17.6,3.5,3.5
2004700946.0,17.6,3.5,3.5
2004700949.0,16.7,4.0,5.9
2004700951.0,15.7,4.5,5.9
2004700955.0,13.2,4.9,5.9
2004700958.0,13.4,5.8,5.9
2004700961.0,14.8,4.9,5.9
2004700962.0,13.1,4.8,5.9
2004700963.0,15.0,3.0,3.0
2004700965.0,15.0,3.0,3.0
2004700966.0,17.2,2.9,4.9
2004700969.0,20.1,4.4,6.5
2004700972.0,15.0,3.0,3.0
2004700973.0,22.5,7.9,7.9
2004700976.0,20.5,6.3,7.4
2004700979.0,22.5,7.9,7.9
2004700982.0,29.6,9.3,12.6
2004700983.0,43.4,10.5,12.6
2004700984.0,45.9,11.9,12.6
2004700985.0,49.9,12.6,12.6
2004700987.0,13.3,5.2,5.9
2004700988.0,13.0,3.9,5.9
2004700989.0,16.3,3.7,5.9
2004700990.0,17.5,3.5,5.9
2004700991.0,17.6,3.5,3.5
2004700992.0,18.7,3.1,4.4
2004700994.0,17.6,3.5,3.5
2004700996.0,17.6,3.5,4.4
2004700998.0,19.9,4.4,4.4
2004701003.0,17.4,4.8,5.5
2004701008.0,13.2,5.5,5.5
2004701014.0,21.8,6.1,7.4
2004701017.0,7.1,3.2,3.2
2004701019.0,7.1,4.8,5.4
2004701021.0,11.7,5.4,5.4
2004701022.0,25.0,7.4,7.4
2004701023.0,18.7,5.7,7.4
2004701025.0,19.4,6.3,6.3
2004701028.0,20.1,6.5,12.4
2004701029.0,18.2,4.4,6.3
2004701030.0,26.3,7.2,12.4
2004701032.0,12.3,4.9,5.5
2004701033.0,33.9,10.8,12.8
2004701034.0,8.7,5.4,5.4
2004701035.0,8.3,5.4,5.4
2004701037.0,8.0,5.1,5.4
2004701038.0,9.7,4.4,5.4
2004701039.0,13.5,4.5,4.9
2004701045.0,8.5,4.9,5.4
2004701048.0,7.3,5.4,5.4
2004701051.0,23.5,6.9,7.4
2004701053.0,24.2,7.6,11.1
2004701054.0,16.1,5.4,6.3
2004701058.0,14.8,5.0,7.4
2004701060.0,18.6,7.2,11.1
2004701061.0,26.3,9.8,11.8
2004701063.0,24.1,6.4,12.8
2004701064.0,21.6,6.4,9.5
2004701065.0,14.2,2.9,3.8
2004701066.0,15.1,3.5,9.5
2004701067.0,17.1,3.8,3.8
2004701068.0,17.1,3.8,6.3
2004701069.0,17.2,3.8,7.4
2004701070.0,17.1,3.8,3.8
2004701071.0,17.1,3.8,3.8
2004701072.0,17.1,3.8,3.8
2004701074.0,17.1,3.8,3.8
2004701075.0,17.7,3.8,7.4
2004701076.0,16.1,3.3,7.4
2004701081.0,7.0,4.7,5.4
2004701082.0,7.3,5.4,5.4
2004701092.0,32.4,9.6,12.6
2004701094.0,35.8,10.1,12.6
2004701096.0,15.0,3.0,3.0
2004701098.0,18.7,4.7,4.8
2004701099.0,31.2,6.0,6.5
2004701100.0,36.3,6.5,6.5
2004701105.0,22.9,5.2,6.5
2004701109.0,11.4,5.4,5.4
2004701111.0,11.4,5.4,5.4
2004701117.0,24.7,7.7,9.5
2004701118.0,32.2,9.5,9.5
2004701119.0,32.2,9.5,9.5
2004701120.0,32.2,9.5,9.5
2004701121.0,28.7,8.2,9.5
2004701123.0,16.4,4.6,9.5
2004701124.0,9.9,2.8,2.8
2004701125.0,21.5,6.8,9.5
2004701126.0,23.3,6.2,6.2
2004701127.0,20.8,5.5,6.2
2004701128.0,28.1,6.0,6.2
2004701130.0,7.3,5.2,5.4
2004701134.0,32.2,9.5,9.5
2004701136.0,32.3,9.5,12.6
2004701137.0,45.5,11.8,12.6
2004701138.0,49.9,12.6,12.6
2004701139.0,49.9,12.6,12.6
2004701141.0,41.3,10.4,12.6
2004701142.0,32.8,9.2,12.6
2004701144.0,23.8,5.6,9.8
2004701145.0,15.2,3.1,8.6
2004701146.0,27.7,10.7,11.8
2004701147.0,27.9,7.4,11.8
2004701149.0,27.9,9.5,11.8
2004701151.0,16.8,3.4,3.4
2004701152.0,20.2,5.2,9.8
2004701153.0,19.0,5.0,8.6
2004701154.0,16.3,3.5,4.8
2004701155.0,16.6,4.2,8.6
2004701156.0,26.4,5.1,5.9
2004701158.0,7.1,3.9,3.9
2004701159.0,21.1,5.6,7.4
2004701160.0,22.6,7.0,7.4
2004701161.0,22.6,7.0,7.4
2004701162.0,22.8,7.3,7.4
2004701164.0,36.1,7.8,13.3
2004701165.0,22.9,6.2,6.2
2004701166.0,20.3,5.9,7.4
2004701167.0,15.5,4.3,7.4
2004701168.0,21.6,6.3,7.4
2004701169.0,17.8,4.2,7.4
2004701171.0,22.9,6.2,6.2
2004701175.0,22.9,6.2,6.2
2004701176.0,31.9,6.9,9.8
2004701177.0,57.4,9.8,9.8
2004701178.0,44.4,7.9,11.7
2004701181.0,16.1,4.6,4.6
2004701182.0,11.9,4.3,4.8
2004701183.0,11.2,2.3,4.6
2004701185.0,10.1,4.2,4.2
2004701186.0,23.8,4.0,5.9
2004701187.0,30.9,6.2,11.7
2004701188.0,42.6,9.4,11.7
2004701189.0,51.9,11.2,11.7
2004701190.0,29.9,6.2,11.7
2004701192.0,22.9,6.2,6.2
2004701195.0,57.4,9.8,9.8
2004701197.0,10.2,4.3,4.6
2004701200.0,10.2,2.8,3.1
2004701201.0,9.9,2.8,2.8
2004701202.0,22.7,7.4,7.4
2004701203.0,21.1,5.2,13.3
2004701204.0,28.5,7.1,7.4
2004701206.0,22.7,7.4,7.4
2004701209.0,26.1,7.6,13.3
2004701210.0,43.6,12.7,13.3
2004701211.0,42.0,11.9,13.3
2004701212.0,39.0,10.6,13.3
2004701213.0,46.1,13.0,14.7
2004701214.0,33.7,8.1,13.3
2004701215.0,46.9,10.1,14.7
2004701216.0,50.3,9.3,14.7
2004701219.0,29.3,7.4,7.4
2004701221.0,29.3,7.4,7.4
2004701222.0,29.3,7.4,7.4
2004701223.0,46.6,7.9,9.8
2004701225.0,38.2,6.9,9.8
2004701226.0,55.5,9.8,9.8
2004701227.0,55.5,9.8,9.8
2004701229.0,55.5,9.8,9.8
2004701230.0,55.5,9.8,9.8
2004701238.0,29.3,7.4,7.4
2004701239.0,33.8,9.9,12.4
2004701243.0,29.3,7.4,7.4
2004701252.0,45.0,13.3,13.3
2004701253.0,49.1,13.7,14.7
2004701254.0,61.9,14.7,14.7
2004701259.0,59.9,13.6,14.7
2004701260.0,45.0,13.3,13.3
2004701261.0,52.1,11.4,13.3
2004701262.0,56.0,12.1,14.7
2004701264.0,57.1,10.5,13.1
2004701265.0,57.2,12.6,13.1
2004701269.0,57.3,13.1,13.1
2004701273.0,57.4,9.8,9.8
2004701276.0,50.3,11.8,13.3
2004701277.0,57.4,9.8,9.8
2004701278.0,57.4,9.8,9.8
2004701284.0,57.4,9.8,9.8
2004701285.0,54.4,10.2,11.7
2004701297.0,10.2,2.8,3.1
2004701300.0,14.2,2.6,4.3
2004701302.0,18.8,4.5,9.8
2004701303.0,7.1,3.9,3.9
2004701306.0,23.4,6.7,6.8
2004701309.0,10.7,4.6,4.6
2004701311.0,12.0,4.3,4.8
2004701312.0,19.2,4.8,4.8
2004701314.0,27.0,4.8,5.9
2004701316.0,42.0,9.3,11.7
2004701318.0,50.7,11.7,11.7
2004701329.0,10.7,4.5,4.6
2004701330.0,13.8,4.0,5.9
2004701339.0,26.7,11.1,11.1
2004701345.0,13.2,2.9,4.9
2004701347.0,16.6,5.8,5.8
2004701348.0,16.5,5.8,5.8
2004701349.0,16.6,5.8,5.8
2004701352.0,22.9,4.8,4.8
2004701353.0,21.3,4.5,4.8
2004701354.0,18.3,3.7,4.8
2004701358.0,16.8,3.4,3.4
2004701360.0,23.2,4.8,4.8
2004701364.0,12.5,3.3,3.3
2004701365.0,12.5,3.3,3.3
2004701366.0,12.5,3.3,3.3
2004701367.0,12.6,3.3,7.4
2004701371.0,12.5,3.3,3.3
2004701375.0,27.7,4.7,4.7
2004701378.0,37.2,9.1,9.1
2004701379.0,37.2,9.1,9.1
2004701380.0,44.3,10.7,12.6
2004701381.0,40.5,9.8,12.6
2004701385.0,49.9,12.6,12.6
2004701386.0,49.9,12.6,12.6
2004701387.0,27.8,10.1,11.1
2004701393.0,28.5,9.4,9.4
2004701394.0,28.5,9.4,9.4
2004701402.0,16.8,3.4,3.4
2004701404.0,23.2,6.6,9.4
2004701410.0,14.8,4.8,5.8
2004701411.0,14.7,4.7,5.8
2004701414.0,15.7,5.1,5.8
2004701419.0,15.5,3.8,12.6
2004701420.0,49.9,12.6,12.6
2004701421.0,49.9,12.6,12.6
2004701425.0,49.9,12.6,12.6
2004701432.0,17.0,4.7,12.6
2004701433.0,37.1,9.8,12.6
2004701437.0,14.2,3.1,3.1
2004701438.0,14.2,3.1,3.1
2004701440.0,11.4,3.8,9.5
2004701441.0,10.8,3.5,4.3
2004701442.0,15.1,5.0,9.5
2004701445.0,12.2,4.3,4.3
2004701446.0,12.2,4.3,4.3
2004701447.0,12.2,4.3,4.3
2004701449.0,10.3,3.4,4.3
2004701451.0,13.1,2.9,4.3
2004701453.0,13.0,4.5,9.5
2004701460.0,8.5,2.9,4.3
2004701461.0,1.5,0.2,4.3
2004701462.0,5.7,1.0,4.3
2004701464.0,10.3,2.0,2.0
2004701465.0,1.6,0.3,2.0
2004701466.0,1.3,0.2,0.2
2004701467.0,1.3,0.2,0.2
2004701476.0,1.3,0.2,0.2
